"Address","Occurrences","H1-1","H1-1 Length","H1-2","H1-2 Length","Indexability","Indexability Status"
"https://www.txsparks.com/","2","The Construction Partner You Deserve.","37","The Construction Partner You Deserve.","37","Indexable",""
"https://www.txsparks.com/about-us/","0","","0","","0","Indexable",""
"https://www.txsparks.com/blogs/","0","","0","","0","Indexable",""
"https://www.txsparks.com/blogs/advantages-preconstruction-services-successful-ground-up-construction-project/","1","The Advantages of Preconstruction Services for a Successful Ground-Up Construction Project","90","","0","Indexable",""
"https://www.txsparks.com/blogs/avoid-mechanics-liens-construction-projects/","1","How to Avoid Mechanic’s Liens in Construction Projects","54","","0","Indexable",""
"https://www.txsparks.com/blogs/benefits-of-hiring-local-contractors-frisco/","1","Benefits of Hiring Local Contractors in Frisco","46","","0","Indexable",""
"https://www.txsparks.com/blogs/benefits-working-with-a-design-build-contractor/","1","The Benefits of Working with a Design-Build Contractor: Streamlined Communication, Cost Savings, Faster Project Timelines, Flexibility, and Single Point of Accountability.","171","","0","Indexable",""
"https://www.txsparks.com/blogs/best-materials-for-construction-project/","1","Choosing the Best Materials for Your Construction Project: Eco-Friendly, Durable, and Functional Options","104","","0","Indexable",""
"https://www.txsparks.com/blogs/buying-engineered-land-due-diligence-checklist/","1","Buying Engineered Land: A Due Diligence Checklist to Protect Your Investment","76","","0","Indexable",""
"https://www.txsparks.com/blogs/choose-right-engineers-architects-real-estate-development/","1","The Importance of Choosing the Right Engineers and Architects for Real Estate Development","89","","0","Indexable",""
"https://www.txsparks.com/blogs/choose-right-general-contractor-for-commercial-project/","2","6 Steps to Select the Right General Contractor for Your Commercial Project","74","","0","Indexable",""
"https://www.txsparks.com/blogs/choosing-the-right-general-contractor/","1","Key Considerations for Choosing the Right General Contractor","60","","0","Indexable",""
"https://www.txsparks.com/blogs/commercial-land-for-business/","1","How to Choose the Right Commercial Land for Your Business","57","","0","Indexable",""
"https://www.txsparks.com/blogs/common-construction-mistakes-avoid-successful-projects/","1","5 Common Construction Mistakes to Avoid for Successful Projects","63","","0","Indexable",""
"https://www.txsparks.com/blogs/comprehensive-feasibility-study-by-tx-sparks/","1","Comprehensive Feasibility Study by TX Sparks (TX Sparks Constructions)","70","","0","Indexable",""
"https://www.txsparks.com/blogs/construction-management-effective-strategies-for-successful-constructions/","7","Thorough Planning and Scope Definition:","39","Effective Communication and Collaboration:","42","Indexable",""
"https://www.txsparks.com/blogs/construction-right-commercial-project/","1","Is Phase-wise Construction Right For Your Commercial Project?","61","","0","Indexable",""
"https://www.txsparks.com/blogs/design-planning-for-commercial-residential-projects/","1","The Importance of Design and Planning for Commercial and Residential Projects","77","","0","Indexable",""
"https://www.txsparks.com/blogs/design-services-can-benefit-ground-up-construction-projects/","1","How Design-Build Services Can Benefit Ground-Up Construction Projects","69","","0","Indexable",""
"https://www.txsparks.com/blogs/discover-the-advantages-of-custom-home-construction-for-personalized-design/","5","Personalized Design: Tailored to Your Vision and Lifestyle","58","Quality Craftsmanship and Materials:","36","Indexable",""
"https://www.txsparks.com/blogs/emerging-tech-construction-industry/","1","The Emerging Technologies in the Construction Industry","54","","0","Indexable",""
"https://www.txsparks.com/blogs/essential-due-diligence-purchasing-land-oil-wells/","1","Essential Due Diligence for Purchasing Land with Oil Wells","58","","0","Indexable",""
"https://www.txsparks.com/blogs/evaluate-land-development-potential-texas/","1","How to Evaluate Land for Development Potential in TX","52","","0","Indexable",""
"https://www.txsparks.com/blogs/financial-proforma-real-estate/","1","The Importance of a Financial Proforma for Real Estate Developers and Investors","79","","0","Indexable",""
"https://www.txsparks.com/blogs/full-service-general-contractor-near-me/","1","How to Find a Full-Service General Contractor for Your Project","62","","0","Indexable",""
"https://www.txsparks.com/blogs/general-contractors-ground-up-construction-projects/","1","The Vital Role of General Contractors in Ground-Up Construction Projects","72","","0","Indexable",""
"https://www.txsparks.com/blogs/how-to-choose-the-right-general-contractor-for-your-texas-project/","1","How to Choose the Right General Contractor for Your Texas Project","65","","0","Indexable",""
"https://www.txsparks.com/blogs/how-to-keep-your-construction-project-on-budget/","7","Develop a Detailed Budget","25","Use a Project Management Tool","29","Indexable",""
"https://www.txsparks.com/blogs/integrated-services-streamline-construction-project/","1","How Integrated Services Streamline your construction project","60","","0","Indexable",""
"https://www.txsparks.com/blogs/interior-build-out-inspection-checklist-2/","1","Avoiding Costly Delays: A Must-Know Interior Build-Out Inspection Checklist for Business Owners","95","","0","Indexable",""
"https://www.txsparks.com/blogs/land-development-challenges-overcome/","1","Top Challenges in Land Development and How to Overcome Them","59","","0","Indexable",""
"https://www.txsparks.com/blogs/land-development-stages-texas/","1","Steps to Successfully Develop Residential Land","46","","0","Indexable",""
"https://www.txsparks.com/blogs/lien-waivers-real-estate-developers-owners/","1","Why Lien Waivers Are Essential for Real Estate Developers and Property Owners","77","","0","Indexable",""
"https://www.txsparks.com/blogs/lien-waivers-real-estate/","1","Understanding Lien Waivers in Real Estate and Construction","58","","0","Indexable",""
"https://www.txsparks.com/blogs/make-commercial-construction-project-bankable/","1","9 Ways to Make a Commercial Construction Project Bankable in Texas","66","","0","Indexable",""
"https://www.txsparks.com/blogs/managing-construction-projects-using-it-software/","1","Managing Construction Projects using IT Software","48","","0","Indexable",""
"https://www.txsparks.com/blogs/navigating-land-development-permit-sets/","1","Navigating the Complexities of Land Development: How TX Sparks Delivers Cost-Effective and Optimized Permit Sets","112","","0","Indexable",""
"https://www.txsparks.com/blogs/navigating-phases-successful-commercial-project/","7","1. Location:","12","2. Feasibility:","15","Indexable",""
"https://www.txsparks.com/blogs/navigating-the-permitting-process-tips-for-streamlining-your-construction-project/","1","Navigating the Permitting Process: Tips for Streamlining Your Construction Project","82","","0","Indexable",""
"https://www.txsparks.com/blogs/optimizing-civil-engineering-save-3m-earthwork-costs/","1","Optimizing Civil Engineering to Save an Estimated $3M in Earthwork Costs","72","","0","Indexable",""
"https://www.txsparks.com/blogs/perfect-destination-for-homeowners/","1","Why is Austin the next perfect destination for Homeowners?","58","","0","Indexable",""
"https://www.txsparks.com/blogs/prevent-construction-delay-north-texas/","3","5 Strategies to Prevent Construction Delays in North Texas","58","","0","Indexable",""
"https://www.txsparks.com/blogs/renovation-process-help-set-space-faster-efficiently/","1","A Step-by-Step Renovation Process to Help you Set up your Space Faster and More Efficiently","91","","0","Indexable",""
"https://www.txsparks.com/blogs/revitalizing-spaces-inspiring-interior-finish/","5","Embracing Open Concept Designs","30","Incorporating Sustainable and Eco-Friendly Elements","51","Indexable",""
"https://www.txsparks.com/blogs/right-contractor-for-your-home-remodel-project/","1","How to Choose the Right Contractor for Your Home Remodel Project","64","","0","Indexable",""
"https://www.txsparks.com/blogs/right-materials-commercial-project/","1","The Ultimate Guide to Choosing the Right Materials for Your Commercial Project","78","","0","Indexable",""
"https://www.txsparks.com/blogs/right-professional-commercial-general-contractor/","1","Why Does Your Project Need a Professional Commercial General Contractor?","72","","0","Indexable",""
"https://www.txsparks.com/blogs/steps-to-start-commercial-build-dfw/","1","Starting a Commercial Build in DFW: 8 Things You Should Know","60","","0","Indexable",""
"https://www.txsparks.com/blogs/streamlining-design-build-process/","1","Streamlining the Design and Build Process: Latest Trends in Construction Technology","83","","0","Indexable",""
"https://www.txsparks.com/blogs/sustainable-interior-design-eco-friendly/","1","Sustainable Interior Design: Eco-Friendly Solutions for Businesses","66","","0","Indexable",""
"https://www.txsparks.com/blogs/the-dos-and-donts-of-hiring-a-general-contractor/","1","The Dos and Don’ts of Hiring a General Contractor: What to Look for and What to Avoid","85","","0","Indexable",""
"https://www.txsparks.com/blogs/the-impact-of-technology-on-construction-trends-and-innovations/","5","Building Information Modeling (BIM):","36","Drones:","7","Indexable",""
"https://www.txsparks.com/blogs/the-importance-and-benefits-of-entitlements/","4","What is Entitlement?","20","Essential Permits and Approvals","31","Indexable",""
"https://www.txsparks.com/blogs/the-pitfalls-of-hiring-cheap-contractors-in-commercial-real-estate-development/","1","Is a Low Bid Worth the Risk? The Pitfalls of Hiring Cheap Contractors in Commercial Real Estate Development","107","","0","Indexable",""
"https://www.txsparks.com/blogs/the-role-of-design-build-in-real-estate-development/","2","The Problem: Cost Overruns and Delays","37","The Design & Build Solution","27","Indexable",""
"https://www.txsparks.com/blogs/the-role-of-permits-and-inspections-in-construction-projects/","4","The Importance of Permits:","26","Permitting Process:","19","Indexable",""
"https://www.txsparks.com/blogs/the-significance-of-extensive-feasibility-property/","6","Defining a Real Estate Development Feasibility Study","52","The Imperative of Avoiding Costly Mistakes","42","Indexable",""
"https://www.txsparks.com/blogs/tips-choose-general-contractor/","1","5 Tips to Choose your General Contractor","40","","0","Indexable",""
"https://www.txsparks.com/blogs/tips-for-finding-the-right-contractor-for-your-texas-construction-project/","6","Determine Your Project Requirements","35","Research and Gather a List of Potential Contractors","51","Indexable",""
"https://www.txsparks.com/blogs/top-challenges-in-land-development-and-how-to-overcome-them-3/","1","Mitigating Risks in Land Development: The Comprehensive Feasibility Study by TX Sparks","86","","0","Indexable",""
"https://www.txsparks.com/blogs/top-trends-commercial-design/","1","Top Trends in Commercial Design: The Rise of Coworking Spaces, Flexible Office Spaces, Integration of Technology, Sustainable Design, and Biophilic Design","154","","0","Indexable",""
"https://www.txsparks.com/blogs/transform-land-challenges-opportunities/","1","Transform Land Challenges into Opportunities with TX Sparks Constructions","73","","0","Indexable",""
"https://www.txsparks.com/blogs/transforming-any-space-into-luxurious-perfection/","1","The Art of Interior Finish Outs: Transforming Any Space into Luxurious Perfection","81","","0","Indexable",""
"https://www.txsparks.com/blogs/transforming-ideas-into-reality-the-texas-sparks-constructions-approach-to-design-build/","5","Understanding Our Design-Build Philosophy (approx. 120 words):","62","Translating Vision into Concept","31","Indexable",""
"https://www.txsparks.com/blogs/underground-detention-cost-analysis/","1","Why Underground Detention Isn’t Always the “More SQFT” Solution Everyone Thinks It Is","85","","0","Indexable",""
"https://www.txsparks.com/blogs/understanding-building-codes-regulations/","1","Understanding Building Codes and Regulations: A Guide for Homeowners and Contractors","84","","0","Indexable",""
"https://www.txsparks.com/blogs/understanding-zoning-laws/","1","Understanding Zoning Laws: Your Guide to Navigating Land Development","68","","0","Indexable",""
"https://www.txsparks.com/blogs/unlocking-the-potential-of-land-the-importance-of-land-entitlement-for-successful-development/","1","Unlocking the Potential of Land: The Importance of Land Entitlement for Successful Development","94","","0","Indexable",""
"https://www.txsparks.com/blogs/unveiling-the-significance-of-land-feasibility-studies-key-factors-for-successful-development/","5","Assessing Site Suitability","26","Determining Economic Viability","30","Indexable",""
"https://www.txsparks.com/blogs/value-engineering-design-phase/","1","Best Practices for Real Estate Developers to Avoid Costly Delays","64","","0","Indexable",""
"https://www.txsparks.com/blogs/what-is-land-entitlement-and-why-it-matters/","2","What Is Land Entitlement and Why It Matters for Your Construction Project","73","","0","Indexable",""
"https://www.txsparks.com/careers/","0","","0","","0","Indexable",""
"https://www.txsparks.com/case-study/","0","","0","","0","Indexable",""
"https://www.txsparks.com/category/blogs/","0","","0","","0","Indexable",""
"https://www.txsparks.com/category/blogs/featured-blog/","0","","0","","0","Indexable",""
"https://www.txsparks.com/contact-us/","0","","0","","0","Indexable",""
"https://www.txsparks.com/industries/","0","","0","","0","Indexable",""
"https://www.txsparks.com/industries/commercial-construction/","1","How We Can Help","15","","0","Indexable",""
"https://www.txsparks.com/industries/residential-construction/","1","How We Can Help","15","","0","Indexable",""
"https://www.txsparks.com/news-events/","0","","0","","0","Indexable",""
"https://www.txsparks.com/news-events/arka-montessori-ground-up-construction-leander-texas/","0","","0","","0","Indexable",""
"https://www.txsparks.com/news-events/djc-law-round-rock-interior-finishout-austin-texas/","1","TX Sparks Construction Breaks Ground on ARKA Montessori in Leander, Texas","73","","0","Indexable",""
"https://www.txsparks.com/news-events/frisco-primary-care-med-spa-medical-office-construction/","0","","0","","0","Indexable",""
"https://www.txsparks.com/news-events/mud-approval-gunter-201-acre-land-development/","0","","0","","0","Indexable",""
"https://www.txsparks.com/news-events/news-spectra-heights-ground-up-commercial-development-lewisville-texas/","0","","0","","0","Indexable",""
"https://www.txsparks.com/news-events/page/2/","0","","0","","0","Non-Indexable","Canonicalised"
"https://www.txsparks.com/news-events/page/3/","0","","0","","0","Non-Indexable","Canonicalised"
"https://www.txsparks.com/news-events/paris-baguette-franchise-build-out-mckinney/","0","","0","","0","Indexable",""
"https://www.txsparks.com/partner-program/","0","","0","","0","Indexable",""
"https://www.txsparks.com/privacy-policy/","0","","0","","0","Indexable",""
"https://www.txsparks.com/projects/","0","","0","","0","Indexable",""
"https://www.txsparks.com/projects/48-oaks-townhomes-little-elm-tx/","0","","0","","0","Indexable",""
"https://www.txsparks.com/projects/?category=commercial-construction","0","","0","","0","Non-Indexable","Canonicalised"
"https://www.txsparks.com/projects/arka-montessori/","0","","0","","0","Indexable",""
"https://www.txsparks.com/projects/clovers-plaza/","0","","0","","0","Indexable",""
"https://www.txsparks.com/projects/djc-law-roundock/","0","","0","","0","Indexable",""
"https://www.txsparks.com/projects/harrington-melissa/","0","","0","","0","Indexable",""
"https://www.txsparks.com/projects/lexington/","0","","0","","0","Indexable",""
"https://www.txsparks.com/projects/model-finish-out-12250/","0","","0","","0","Indexable",""
"https://www.txsparks.com/projects/model-finish-out-12260/","0","","0","","0","Indexable",""
"https://www.txsparks.com/projects/nrvm-flex/","0","","0","","0","Indexable",""
"https://www.txsparks.com/projects/page/2/","0","","0","","0","Non-Indexable","Canonicalised"
"https://www.txsparks.com/projects/page/3/","0","","0","","0","Non-Indexable","Canonicalised"
"https://www.txsparks.com/projects/page/6/","0","","0","","0","Non-Indexable","Canonicalised"
"https://www.txsparks.com/projects/qualitas-melissa/","0","","0","","0","Indexable",""
"https://www.txsparks.com/projects/sharp-re-flex/","0","","0","","0","Indexable",""
"https://www.txsparks.com/projects/shepherds-place/","0","","0","","0","Indexable",""
"https://www.txsparks.com/projects/shoppes-at-bellblvd/","0","","0","","0","Indexable",""
"https://www.txsparks.com/projects/shops-at-new-hope/","0","","0","","0","Indexable",""
"https://www.txsparks.com/projects/shoreline-plaza/","0","","0","","0","Indexable",""
"https://www.txsparks.com/projects/sparks-lounge/","0","","0","","0","Indexable",""
"https://www.txsparks.com/projects/the-bays/","0","","0","","0","Indexable",""
"https://www.txsparks.com/projects/village-of-melissa/","0","","0","","0","Indexable",""
"https://www.txsparks.com/services/","0","","0","","0","Indexable",""
"https://www.txsparks.com/services/construction-management/","1","CONSULTING FOR SUCCESS: YOUR VISION, OUR EXPERTISE","50","","0","Indexable",""
"https://www.txsparks.com/services/design-and-permitting/","0","","0","","0","Indexable",""
"https://www.txsparks.com/services/interior-build-out/","1","TRANSFORMING SPACES WITH PRECISION AND STYLE","44","","0","Indexable",""
"https://www.txsparks.com/services/land-development/","1","BUILDING STRONG FOUNDATIONS FROM THE GROUND UP","46","","0","Indexable",""
"https://www.txsparks.com/services/land-entitlement/","1","NAVIGATING LAND DEVELOPMENT WITH CONFIDENCE","43","","0","Indexable",""
"https://www.txsparks.com/services/land-feasibility/","1","BUILDING YOUR VISION ON SOLID GROUND","36","","0","Indexable",""
"https://www.txsparks.com/services/mud-pid-services/","1","Managing Development Districts with Expertise","45","","0","Indexable",""
"https://www.txsparks.com/services/texas-ground-up-construction/","1","FROM BARE LAND TO YOUR DREAM STRUCTURE –WE BUILD IT ALL, FROM THE GROUND UP","75","","0","Indexable",""
"https://www.txsparks.com/terms/","0","","0","","0","Indexable",""
"https://www.txsparks.com/work-with-us/construction-project-engineer/","0","","0","","0","Non-Indexable","noindex"
"https://www.txsparks.com/work-with-us/mba-internship-summer-2026/","0","","0","","0","Non-Indexable","noindex"
"https://www.txsparks.com/work-with-us/site-superintendent/","0","","0","","0","Non-Indexable","noindex"
